{
"meta":{"test_sets":[],"test_metrics":[],"learn_metrics":[{"best_value":"Min","name":"RMSE"}],"launch_mode":"Train","parameters":"","iteration_count":100,"learn_sets":["learn"],"name":"experiment"},
"iterations":[
{"learn":[23.84135639],"iteration":0,"passed_time":0.1518692152,"remaining_time":15.0350523},
{"learn":[19.55652971],"iteration":1,"passed_time":0.1553251465,"remaining_time":7.61093218},
{"learn":[16.35455209],"iteration":2,"passed_time":0.159351571,"remaining_time":5.152367461},
{"learn":[14.39869965],"iteration":3,"passed_time":0.1626571854,"remaining_time":3.903772449},
{"learn":[13.39499596],"iteration":4,"passed_time":0.1705020797,"remaining_time":3.239539514},
{"learn":[12.64079235],"iteration":5,"passed_time":0.1737282714,"remaining_time":2.721742918},
{"learn":[12.16913704],"iteration":6,"passed_time":0.1762246159,"remaining_time":2.341269896},
{"learn":[11.85854971],"iteration":7,"passed_time":0.1786035869,"remaining_time":2.053941249},
{"learn":[11.59289528],"iteration":8,"passed_time":0.1810661993,"remaining_time":1.83078046},
{"learn":[11.49171859],"iteration":9,"passed_time":0.185146331,"remaining_time":1.666316979},
{"learn":[11.40934507],"iteration":10,"passed_time":0.1883336621,"remaining_time":1.523790539},
{"learn":[11.30621395],"iteration":11,"passed_time":0.1907980033,"remaining_time":1.399185358},
{"learn":[11.22190854],"iteration":12,"passed_time":0.1934139712,"remaining_time":1.294385807},
{"learn":[11.17460181],"iteration":13,"passed_time":0.1960778584,"remaining_time":1.204478273},
{"learn":[11.11778379],"iteration":14,"passed_time":0.1997322556,"remaining_time":1.131816115},
{"learn":[11.05682231],"iteration":15,"passed_time":0.2031274501,"remaining_time":1.066419113},
{"learn":[10.95480914],"iteration":16,"passed_time":0.2058982335,"remaining_time":1.005267846},
{"learn":[10.90487175],"iteration":17,"passed_time":0.2085479135,"remaining_time":0.9500516059},
{"learn":[10.77114561],"iteration":18,"passed_time":0.2114051581,"remaining_time":0.9012535688},
{"learn":[10.59944273],"iteration":19,"passed_time":0.2146602042,"remaining_time":0.8586408168},
{"learn":[10.57512672],"iteration":20,"passed_time":0.2181352009,"remaining_time":0.8206038511},
{"learn":[10.54083087],"iteration":21,"passed_time":0.2235790199,"remaining_time":0.7926892525},
{"learn":[10.38788082],"iteration":22,"passed_time":0.2268559203,"remaining_time":0.759474168},
{"learn":[10.3534359],"iteration":23,"passed_time":0.2325186902,"remaining_time":0.7363091857},
{"learn":[10.19489576],"iteration":24,"passed_time":0.2355502756,"remaining_time":0.7066508268},
{"learn":[10.17105274],"iteration":25,"passed_time":0.2388632788,"remaining_time":0.6798416396},
{"learn":[10.13384662],"iteration":26,"passed_time":0.2416032003,"remaining_time":0.6532234676},
{"learn":[10.03998218],"iteration":27,"passed_time":0.2473558098,"remaining_time":0.6360577967},
{"learn":[9.962588675],"iteration":28,"passed_time":0.2507395564,"remaining_time":0.6138796037},
{"learn":[9.847750185],"iteration":29,"passed_time":0.2532625654,"remaining_time":0.590945986},
{"learn":[9.769324706],"iteration":30,"passed_time":0.2562205168,"remaining_time":0.5702972793},
{"learn":[9.727163365],"iteration":31,"passed_time":0.2617544153,"remaining_time":0.5562281326},
{"learn":[9.701933667],"iteration":32,"passed_time":0.2651358329,"remaining_time":0.5383060849},
{"learn":[9.644859702],"iteration":33,"passed_time":0.2679425183,"remaining_time":0.520123712},
{"learn":[9.612478845],"iteration":34,"passed_time":0.2702950552,"remaining_time":0.5019765312},
{"learn":[9.483867179],"iteration":35,"passed_time":0.273032956,"remaining_time":0.4853919218},
{"learn":[9.375344109],"iteration":36,"passed_time":0.2784203467,"remaining_time":0.4740670769},
{"learn":[9.34484173],"iteration":37,"passed_time":0.2840916547,"remaining_time":0.463517963},
{"learn":[9.2001004],"iteration":38,"passed_time":0.2886502803,"remaining_time":0.4514786436},
{"learn":[9.175056084],"iteration":39,"passed_time":0.2936835107,"remaining_time":0.440525266},
{"learn":[9.101644777],"iteration":40,"passed_time":0.2975156075,"remaining_time":0.4281322157},
{"learn":[8.984704236],"iteration":41,"passed_time":0.301625513,"remaining_time":0.4165304703},
{"learn":[8.874235328],"iteration":42,"passed_time":0.3042020596,"remaining_time":0.4032445907},
{"learn":[8.805353112],"iteration":43,"passed_time":0.3112906022,"remaining_time":0.3961880392},
{"learn":[8.735306342],"iteration":44,"passed_time":0.3154323306,"remaining_time":0.3855284041},
{"learn":[8.614906323],"iteration":45,"passed_time":0.3199967349,"remaining_time":0.375648341},
{"learn":[8.554370203],"iteration":46,"passed_time":0.3246637776,"remaining_time":0.3661102173},
{"learn":[8.470664615],"iteration":47,"passed_time":0.3278038189,"remaining_time":0.3551208038},
{"learn":[8.385985078],"iteration":48,"passed_time":0.3309675853,"remaining_time":0.3444764663},
{"learn":[8.346652088],"iteration":49,"passed_time":0.3374452638,"remaining_time":0.3374452638},
{"learn":[8.293881952],"iteration":50,"passed_time":0.3410080814,"remaining_time":0.3276352155},
{"learn":[8.207173142],"iteration":51,"passed_time":0.3434102069,"remaining_time":0.3169940371},
{"learn":[8.190215437],"iteration":52,"passed_time":0.3457722409,"remaining_time":0.3066282136},
{"learn":[8.09013796],"iteration":53,"passed_time":0.3496335016,"remaining_time":0.2978359458},
{"learn":[8.039798407],"iteration":54,"passed_time":0.3526305851,"remaining_time":0.2885159333},
{"learn":[8.026890698],"iteration":55,"passed_time":0.355581069,"remaining_time":0.2793851256},
{"learn":[7.950896036],"iteration":56,"passed_time":0.3578612516,"remaining_time":0.2699655056},
{"learn":[7.915610365],"iteration":57,"passed_time":0.3604142135,"remaining_time":0.2609896029},
{"learn":[7.842339732],"iteration":58,"passed_time":0.3651231852,"remaining_time":0.2537296711},
{"learn":[7.787141879],"iteration":59,"passed_time":0.3684994339,"remaining_time":0.2456662893},
{"learn":[7.717003779],"iteration":60,"passed_time":0.3717108193,"remaining_time":0.2376511795},
{"learn":[7.631837021],"iteration":61,"passed_time":0.3747917433,"remaining_time":0.2297110684},
{"learn":[7.599610568],"iteration":62,"passed_time":0.3774949217,"remaining_time":0.2217033667},
{"learn":[7.53698879],"iteration":63,"passed_time":0.3807016886,"remaining_time":0.2141446998},
{"learn":[7.471131503],"iteration":64,"passed_time":0.3830808691,"remaining_time":0.2062743141},
{"learn":[7.452040795],"iteration":65,"passed_time":0.3859984399,"remaining_time":0.1988476812},
{"learn":[7.393812504],"iteration":66,"passed_time":0.3886432114,"remaining_time":0.1914212832},
{"learn":[7.35583774],"iteration":67,"passed_time":0.3911545925,"remaining_time":0.1840727494},
{"learn":[7.292994613],"iteration":68,"passed_time":0.3971767824,"remaining_time":0.1784417428},
{"learn":[7.219630743],"iteration":69,"passed_time":0.4006015903,"remaining_time":0.1716863958},
{"learn":[7.172155422],"iteration":70,"passed_time":0.4037856122,"remaining_time":0.1649265177},
{"learn":[7.142819881],"iteration":71,"passed_time":0.4070751298,"remaining_time":0.1583069949},
{"learn":[7.115564104],"iteration":72,"passed_time":0.4133484142,"remaining_time":0.1528822902},
{"learn":[7.085676308],"iteration":73,"passed_time":0.4170699961,"remaining_time":0.1465381067},
{"learn":[7.068912779],"iteration":74,"passed_time":0.4199475957,"remaining_time":0.1399825319},
{"learn":[7.063628047],"iteration":75,"passed_time":0.4226886062,"remaining_time":0.1334806125},
{"learn":[7.050389984],"iteration":76,"passed_time":0.4284369271,"remaining_time":0.1279746665},
{"learn":[6.972080178],"iteration":77,"passed_time":0.4324025042,"remaining_time":0.1219596807},
{"learn":[6.961761025],"iteration":78,"passed_time":0.4346804173,"remaining_time":0.115547959},
{"learn":[6.933891984],"iteration":79,"passed_time":0.4372777697,"remaining_time":0.1093194424},
{"learn":[6.909617215],"iteration":80,"passed_time":0.4398384995,"remaining_time":0.1031719937},
{"learn":[6.875335912],"iteration":81,"passed_time":0.44244259,"remaining_time":0.09712154415},
{"learn":[6.862640946],"iteration":82,"passed_time":0.4481781537,"remaining_time":0.09179552546},
{"learn":[6.820052787],"iteration":83,"passed_time":0.4507422336,"remaining_time":0.08585566353},
{"learn":[6.773191491],"iteration":84,"passed_time":0.4561223159,"remaining_time":0.0804921734},
{"learn":[6.750965411],"iteration":85,"passed_time":0.4609497921,"remaining_time":0.07503833825},
{"learn":[6.716639806],"iteration":86,"passed_time":0.4636577999,"remaining_time":0.06928219999},
{"learn":[6.674884884],"iteration":87,"passed_time":0.4662270978,"remaining_time":0.06357642242},
{"learn":[6.635391269],"iteration":88,"passed_time":0.4685841533,"remaining_time":0.05791489535},
{"learn":[6.616179555],"iteration":89,"passed_time":0.4712981997,"remaining_time":0.05236646664},
{"learn":[6.582909023],"iteration":90,"passed_time":0.4745350994,"remaining_time":0.0469320428},
{"learn":[6.572286705],"iteration":91,"passed_time":0.4772022959,"remaining_time":0.04149585182},
{"learn":[6.555595811],"iteration":92,"passed_time":0.4800480627,"remaining_time":0.03613264988},
{"learn":[6.502448619],"iteration":93,"passed_time":0.4828232051,"remaining_time":0.03081850245},
{"learn":[6.469364715],"iteration":94,"passed_time":0.4864378403,"remaining_time":0.0256019916},
{"learn":[6.449645642],"iteration":95,"passed_time":0.491173407,"remaining_time":0.02046555862},
{"learn":[6.43692896],"iteration":96,"passed_time":0.4943100086,"remaining_time":0.01528793841},
{"learn":[6.412434288],"iteration":97,"passed_time":0.4969510513,"remaining_time":0.01014185819},
{"learn":[6.405712508],"iteration":98,"passed_time":0.4999787072,"remaining_time":0.005050289971},
{"learn":[6.403541446],"iteration":99,"passed_time":0.5027117894,"remaining_time":0}
]}